"/algorithms.js/data_structures/bst.js";"Node";"0";"4"
"/algorithms.js/data_structures/heap.js";"MinHeap";"7";"2"
"/algorithms.js/data_structures/linked_list.js";"Node";"0";"3"
"/algorithms.js/data_structures/queue.js";"Queue";"4";"1"
"/algorithms.js/util/comparator.js";"Comparator";"7";"0"
"/backbone/backbone-min.js";"n";"0";"1"
"/backbone/backbone.js";"Surrogate";"0";"1"
"/Chart.js/Chart.js";"PolarArea";"0";"0"
"/Chart.js/Chart.js";"Radar";"0";"0"
"/Chart.js/Chart.js";"Pie";"0";"0"
"/Chart.js/Chart.js";"Doughnut";"0";"0"
"/Chart.js/Chart.js";"Line";"0";"0"
"/Chart.js/Chart.js";"Bar";"0";"0"